text,category,length_type
"The highly anticipated final season of the hit Netflix series Stranger Things is set to premiere next year, with the Duffer Brothers promising an epic conclusion to the supernatural saga that has captivated audiences worldwide. The show, which follows a group of friends in the fictional town of Hawkins, Indiana as they battle interdimensional threats, has become one of the most successful original series in streaming history. Cast members including Millie Bobby Brown, Finn Wolfhard, and David Harbour have grown up on screen over the past eight years, creating deep emotional connections with viewers. Netflix has announced that the final season will be the most ambitious yet, with feature-length episodes and a significantly increased budget.",Entertainment,Long
"Taylor Swift's record-breaking Eras Tour continued its unprecedented run, becoming the first concert tour in history to gross over $1 billion in ticket sales. The three-and-a-half-hour show takes fans on a journey through Swift's entire discography, from her country music beginnings to her latest indie-folk and pop albums. Each night features elaborate costume changes, stunning visual productions, and surprise acoustic performances that vary from show to show. The tour's economic impact on host cities has been remarkable, with local businesses reporting significant increases in revenue from the influx of Swifties traveling to attend concerts.",Entertainment,Long
"Marvel Studios unveiled its plans for the next phase of the Marvel Cinematic Universe at Comic-Con, announcing a slate of highly anticipated films and Disney+ series that will continue the franchise's interconnected storytelling. The announcement included the introduction of several beloved characters from the comics who have not yet appeared on screen, along with the return of fan-favorite heroes from previous phases. Studio president Kevin Feige emphasized the studio's commitment to diverse storytelling and fresh creative voices while maintaining the epic scope that audiences have come to expect. The reveal generated tremendous excitement on social media, with trailers and footage breaking viewing records.",Entertainment,Long
"The Academy Awards ceremony delivered several historic moments, including breakthrough wins for performers and filmmakers from underrepresented backgrounds. The evening's biggest winner took home awards for Best Picture, Best Director, and Best Original Screenplay, cementing its place as one of the most acclaimed films of the decade. Host duties were handled with a perfect blend of humor and reverence for cinema, keeping the show entertaining while honoring the achievements of the nominated artists. The red carpet showcased stunning fashion choices that dominated social media conversations for days afterward.",Entertainment,Long
"K-pop phenomenon BTS made a triumphant return to the stage with their reunion concert series after the members completed their mandatory military service. The shows, held in Seoul's Olympic Stadium, sold out within minutes and were streamed live to millions of fans worldwide who couldn't attend in person. The group performed a career-spanning setlist that included their biggest hits alongside new material, demonstrating why they remain one of the most influential acts in global pop music. ARMY, the group's devoted fanbase, organized elaborate fan projects that created memorable visual displays throughout the concerts.",Entertainment,Long
"HBO's sprawling fantasy epic concluded its final season with the most-watched episode in the network's history, drawing over 20 million viewers for the series finale. The show, which adapted beloved source material and then charted its own course in later seasons, sparked intense debate among fans about its ending. Despite the controversy, the series' impact on television cannot be overstated, elevating the prestige TV landscape and proving that genre content could achieve critical acclaim and massive audiences simultaneously. The network has announced multiple spin-off series to continue exploring the rich world that captivated viewers for nearly a decade.",Entertainment,Long
"Beyoncé's Renaissance World Tour brought her groundbreaking album to life with a spectacular production that celebrated dance music, Black culture, and LGBTQ+ communities. The show featured elaborate choreography, stunning costumes designed by top fashion houses, and a setlist that seamlessly blended new material with classic hits. Concert attendees embraced the album's themes by wearing silver and creating elaborate looks inspired by disco and ballroom culture. The tour's gross of over $500 million confirmed Beyoncé's status as one of the highest-grossing touring artists in music history.",Entertainment,Long
"The independent film scene delivered several breakout hits this year, with small-budget productions earning critical acclaim and finding unexpected commercial success through strong word-of-mouth and festival buzz. One particularly notable success story began at the Sundance Film Festival, where a first-time director's deeply personal story resonated with audiences and sparked a bidding war among distributors. The film went on to earn multiple Academy Award nominations and demonstrated that compelling storytelling can transcend budget limitations. These indie successes continue to diversify the theatrical landscape dominated by franchise filmmaking.",Entertainment,Long
"The video game industry celebrated the release of the year's most anticipated title, which broke sales records by moving over 10 million copies in its first week of availability. The open-world adventure game received universal critical acclaim for its innovative gameplay mechanics, stunning visual design, and emotionally resonant story. Players praised the hundreds of hours of content available and the attention to detail that rewarded exploration and experimentation. The game's success demonstrated the medium's continued growth as a dominant form of entertainment rivaling film and television.",Entertainment,Long
"Netflix's newest Korean drama became the platform's most-watched non-English series ever, captivating global audiences with its gripping thriller storyline and stellar performances. The show follows a group of desperate contestants competing in deadly children's games for the chance to win a life-changing cash prize. Its sharp social commentary on economic inequality resonated with viewers worldwide, sparking discussions about capitalism and desperation in modern society. The series' success has accelerated Netflix's investment in international content and highlighted the global appetite for Korean entertainment.",Entertainment,Long
"The Grammy Awards ceremony featured unforgettable performances and surprise collaborations that had viewers talking for weeks afterward. The night's biggest winners included artists who had pushed creative boundaries and challenged genre conventions throughout the year. A particularly moving tribute to a recently deceased music legend brought the audience to its feet and tears to many eyes. The show demonstrated the Recording Academy's evolving approach to representation, with diverse winners across major categories reflecting the changing face of popular music.",Entertainment,Long
"Disney+ continued its successful expansion of the Star Wars universe with a new series that explores previously untold stories from the galaxy far, far away. The show, helmed by a critically acclaimed filmmaker known for their distinctive visual style, brought fresh perspective to the beloved franchise while honoring its legacy. Fan-favorite characters from the original trilogy made appearances that delighted longtime viewers, while new characters quickly became beloved in their own right. The series proved that Star Wars content could succeed beyond the Skywalker Saga.",Entertainment,Long
"Broadway celebrated its strongest season since the pandemic shutdown, with multiple productions breaking box office records and attracting tourists back to New York's theater district. The musical adaptation of a beloved animated film became the highest-grossing show in history, thanks to spectacular staging and songs that audiences couldn't stop singing. Meanwhile, a groundbreaking new musical addressing contemporary social issues earned critical raves and sparked important conversations among theatergoers. The Tony Awards ceremony highlighted the resilience and creativity of the theatrical community.",Entertainment,Long
"The streaming wars intensified as major platforms competed for subscribers with exclusive content and aggressive pricing strategies. Netflix, Amazon Prime Video, Disney+, and newcomers battled for viewer attention in an increasingly fragmented marketplace. The competition has led to unprecedented investment in original content, with combined streaming budgets exceeding traditional television spending. However, concerns about market saturation and subscriber fatigue have prompted discussions about consolidation and sustainability in the streaming industry.",Entertainment,Long
"The Met Gala returned with its most elaborate theme yet, inspiring celebrities and fashion designers to create jaw-dropping looks that dominated social media for days. The annual event, which raises funds for the Metropolitan Museum of Art's Costume Institute, featured appearances by the biggest names in entertainment, fashion, and sports. This year's theme challenged attendees to interpret historical fashion through a contemporary lens, resulting in creative interpretations ranging from faithful reproductions to avant-garde reinterpretations. The red carpet coverage drew millions of viewers who eagerly anticipated each celebrity's arrival.",Entertainment,Long
"Christopher Nolan's latest epic film premiered to rapturous reviews and strong box office performance, proving that original blockbusters can still succeed in a franchise-dominated market. The three-hour drama tackled complex scientific and ethical themes while delivering the visual spectacle audiences expect from the acclaimed director. IMAX screenings sold out weeks in advance as film enthusiasts sought the optimal viewing experience. The film sparked renewed interest in its subject matter, with related books and documentaries seeing surges in sales and viewership.",Entertainment,Long
"The esports industry continued its meteoric growth, with the world championship tournament drawing over 5 million concurrent viewers and offering a prize pool exceeding $40 million. Professional gamers have achieved celebrity status, with top players earning millions through tournament winnings, streaming revenue, and sponsorship deals. The event featured cutting-edge production values that rivaled traditional sports broadcasts, including detailed analysis and commentary. Major traditional sports franchises and entertainment companies have invested heavily in esports teams and leagues.",Entertainment,Long
"A24 continued its reputation as a tastemaker in independent cinema with another slate of critically acclaimed films that pushed creative boundaries and found passionate audiences. The studio's distinctive approach to marketing and distribution has made it a favorite among cinephiles seeking alternatives to mainstream entertainment. Their latest psychological thriller became a cultural phenomenon, generating countless memes and theory videos across social media platforms. The studio's success has proven that there's significant appetite for challenging, auteur-driven content in the theatrical marketplace.",Entertainment,Long
"The revival of a beloved sitcom brought original cast members back together after decades apart, delighting nostalgic fans and introducing the characters to new generations. The reunion special, which aired on a major streaming platform, broke viewership records and generated significant media coverage. Cast members shared behind-the-scenes stories and reflected on the show's cultural impact during emotional interviews. The special's success prompted discussions about potential new episodes or spin-offs that could continue the beloved franchise.",Entertainment,Long
"TikTok continued to dominate social media entertainment, launching the careers of numerous musicians, comedians, and content creators who leveraged the platform's algorithm to build massive followings. Viral trends originating on the app influenced music charts, fashion choices, and even political discourse throughout the year. Traditional entertainment companies have increasingly partnered with TikTok creators to promote their content, recognizing the platform's unparalleled reach among younger demographics. The app's influence on popular culture shows no signs of diminishing despite ongoing regulatory scrutiny.",Entertainment,Long
"The phenomenon of true crime content showed no signs of slowing, with documentary series about infamous cases drawing massive audiences across multiple platforms. The latest sensation reinvestigated a decades-old mystery, uncovering new evidence and witness testimony that had never been publicly revealed. Viewers became amateur detectives, sharing theories and analysis across social media platforms dedicated to discussing the case. The series' popularity raised ethical questions about the entertainment industry's treatment of real crimes and victims.",Entertainment,Long
"Pixar returned to form with an emotionally resonant animated film that earned critical acclaim and strong box office performance after several pandemic-era releases went directly to streaming. The studio's latest masterpiece tackled mature themes through its trademark blend of humor and heart, moving audiences of all ages to tears. Voice performances from an all-star cast brought the characters to life with memorable line deliveries that audiences quoted extensively. The film's success reaffirmed the theatrical experience's importance for premium animated content.",Entertainment,Long
"The reality television landscape saw the debut of a new dating show that captured the cultural zeitgeist with its unique format and diverse cast of contestants. The show's unexpected twists and dramatic moments generated endless social media discussion and meme content. Participants gained millions of followers during and after their appearance, leveraging their newfound fame into various business ventures and media opportunities. The show's success spawned numerous international versions and inspired competitors to develop similar formats.",Entertainment,Long
"Classic rock legends announced their farewell tour, prompting an emotional response from fans who had followed the band for decades. The tour will visit major venues worldwide, giving audiences a final opportunity to see the legendary performers live. Ticket sales set records as multiple generations of fans sought to experience the historic concerts. The announcement sparked appreciation for the band's influence on rock music and tributes from fellow musicians who had been inspired by their groundbreaking work.",Entertainment,Long
"The animated series landscape expanded with innovative new shows that pushed the boundaries of storytelling and visual style in the medium. Adult animation found particular success, with clever comedies and dramatic series attracting dedicated fanbases and critical recognition. International animation also gained prominence, with Japanese anime continuing its mainstream breakthrough in Western markets. The variety and quality of animated content available has never been greater across streaming platforms and traditional networks.",Entertainment,Long
"Celebrity podcast launches became a significant entertainment trend, with A-list actors, musicians, and athletes sharing personal stories and conversations with high-profile guests. The most successful shows built loyal listener communities who eagerly anticipated each new episode. Podcast networks competed aggressively to sign exclusive deals with the biggest celebrity hosts, offering multi-million dollar contracts. The format's intimate nature allowed audiences to connect with their favorite celebrities in ways traditional media couldn't match.",Entertainment,Long
"The horror genre enjoyed a creative renaissance, with elevated horror films earning critical acclaim while traditional scary movies continued to dominate the box office during Halloween season. Innovative filmmakers used the genre to explore contemporary anxieties about technology, climate change, and social division. Horror film festivals celebrated the genre's artistic potential while nurturing emerging talent. The box office success of horror films has made them a reliable investment for studios seeking profitable content outside of franchise filmmaking.",Entertainment,Long
"Late-night television evolved as hosts navigated a changing media landscape and sought to remain relevant in the streaming era. Viral clips shared on social media extended the reach of late-night content far beyond their traditional broadcast audiences. Hosts increasingly used their platforms for political commentary and advocacy, sometimes generating controversy and conversation. The competition for guests intensified as celebrities had more options for promoting their projects across traditional and new media platforms.",Entertainment,Long
"The documentary film format continued to attract audiences interested in compelling true stories across topics ranging from sports and music to social justice and environmental issues. Streaming platforms invested heavily in documentary content, recognizing its relatively low production costs and ability to generate cultural conversation. Several documentaries achieved crossover success, reaching audiences who might not typically seek out non-fiction content. The best examples demonstrated the format's power to illuminate important issues and create lasting impact.",Entertainment,Long
"Music festivals returned to full scale operations, drawing hundreds of thousands of attendees to multi-day events featuring diverse lineups of artists across genres. The largest festivals generated significant economic impact for their host communities while providing unforgettable experiences for music fans. Festival organizers implemented various strategies to address sustainability concerns and improve attendee safety and comfort. The live music industry's recovery demonstrated audiences' enduring desire for shared in-person entertainment experiences.",Entertainment,Long
"The book-to-screen adaptation pipeline remained active, with publishers and streaming platforms competing to secure rights to promising literary properties. Several bestselling novels were successfully adapted into films and series that expanded their audiences and renewed interest in the source material. Authors increasingly participated in the adaptation process, ensuring their creative visions translated effectively to visual media. The symbiotic relationship between publishing and entertainment continued to benefit both industries.",Entertainment,Long
"Virtual reality entertainment took significant steps forward with improved hardware and compelling content that showcased the medium's immersive potential. Gaming remained the primary driver of VR adoption, with innovative titles demonstrating experiences impossible in traditional gaming formats. Social VR platforms attracted users seeking novel ways to connect with others in virtual environments. While mainstream adoption remained elusive, industry observers noted steady progress toward VR's long-promised revolution in entertainment.",Entertainment,Long
"Award season saw ongoing discussions about representation, voting processes, and the relevance of traditional entertainment industry honors in the streaming era. Some major talents declined to campaign for awards, questioning whether the attention and resources could be better directed elsewhere. Newer awards shows emerged to recognize content and creators overlooked by established organizations. The debates reflected broader conversations about the entertainment industry's values and priorities.",Entertainment,Long
"The fashion and entertainment industries remained deeply intertwined, with celebrities serving as brand ambassadors and fashion icons who influence consumer trends. Major fashion houses competed to dress stars for red carpet events and magazine covers that generate significant media attention. Collaborations between fashion designers and entertainment properties yielded popular merchandise lines and limited-edition collections. Social media amplified the relationship, allowing fans to immediately shop looks worn by their favorite celebrities.",Entertainment,Long
"Children's entertainment evolved to meet the preferences of digitally native young audiences who consume content across multiple platforms simultaneously. Educational content that balanced learning with entertainment found success with parents seeking screen time alternatives to pure distraction. YouTube remained a dominant platform for children's content, though concerns about appropriate content and advertising to minors prompted ongoing regulatory discussions. The best children's entertainment respected young audiences' intelligence while providing age-appropriate fun.",Entertainment,Long
"The phenomenon of nostalgia-driven entertainment showed no signs of fading, with remakes, reboots, and legacy sequels to beloved properties continuing to fill release schedules. Audiences responded enthusiastically to returns of favorite characters and franchises, even as critics questioned the lack of original content in the entertainment landscape. The most successful revivals balanced fan service with fresh perspectives that justified their existence beyond mere familiarity. Studios remained committed to mining their intellectual property libraries for bankable content.",Entertainment,Long
"Stand-up comedy experienced a golden age, with specials from top comedians generating significant streaming viewership and cultural conversation. Comedians toured relentlessly, playing venues ranging from intimate clubs to massive arenas depending on their profile. The art form grappled with questions about the boundaries of humor and the responsibilities of performers with large platforms. New voices emerged regularly, bringing diverse perspectives and styles that expanded comedy's appeal and impact.",Entertainment,Long
"The intersection of gaming and traditional entertainment deepened, with video game adaptations achieving unprecedented critical and commercial success in film and television. These adaptations benefited from larger budgets, better source material understanding, and genuine respect for gaming audiences. Game developers increasingly considered adaptation potential when creating new properties. The success validated gaming's cultural significance and its characters' appeal beyond their original medium.",Entertainment,Long
"Sports entertainment continued evolving with innovative broadcast approaches, fan engagement strategies, and crossover events that blurred lines between athletics and entertainment. Star athletes cultivated personal brands and media presences that extended far beyond their playing careers. The entertainment value of sports broadcasts increased through enhanced graphics, alternative commentary options, and social media integration. The relationship between sports and entertainment became increasingly seamless.",Entertainment,Long
"The audiobook industry experienced remarkable growth as listeners discovered the convenience and pleasure of experiencing stories through expert narration. Celebrity narrators attracted listeners who might not otherwise engage with particular titles. Technological improvements in production and distribution made audiobooks more accessible than ever. The format particularly appealed to busy consumers who could experience books during commutes, workouts, and other activities.",Entertainment,Long
"Film preservation and restoration efforts gained public attention as classic movies were remastered and re-released for new generations to discover. Streaming platforms invested in curating libraries of important historical films alongside new content. Film education initiatives helped younger audiences appreciate cinema history and its influence on contemporary entertainment. The preservation work ensured that culturally significant films would remain available for future generations to study and enjoy.",Entertainment,Long
"The continuing evolution of artificial intelligence tools raised questions and opportunities for creative industries, from visual effects and music composition to content recommendation and personalization. Entertainment companies experimented with AI applications while creative unions sought protections for human artists. Debates about AI's proper role in entertainment remained unresolved as the technology's capabilities expanded rapidly. The industry navigated these challenges while seeking ways to harness AI's potential responsibly.",Entertainment,Long
"International cinema achieved greater global prominence as streaming platforms exposed audiences to films from around the world that might never have reached them through traditional distribution. Subtitled and dubbed content found audiences willing to engage with stories from different cultures and languages. The success of international content encouraged investment in non-English language production across platforms. Cultural exchange through entertainment helped foster understanding and appreciation across borders.",Entertainment,Long
"The relationship between entertainment and social media became ever more symbiotic, with content created for social platforms and traditional entertainment influencing each other continuously. Entertainment properties cultivated social media presences that extended storytelling beyond primary content. Social media trends inspired entertainment content while entertainment generated countless memes and discussions on social platforms. The boundary between professional entertainment and user-generated content continued to blur.",Entertainment,Long
"Concert film releases allowed fans to experience landmark live performances in theatrical and home viewing settings. These releases preserved important cultural moments and generated additional revenue for artists and their teams. The format particularly suited elaborate productions that demanded big-screen presentation to fully appreciate. Concert films also served audiences who couldn't attend tours due to geographic or financial constraints.",Entertainment,Long
"The comedy podcast landscape matured with established shows building loyal communities while new entrants sought to differentiate themselves in an increasingly crowded field. Video podcasts gained prominence as audiences sought visual content to complement audio discussions. Podcast networks developed sophisticated strategies for audience growth and monetization. The intimacy of the podcast format continued to appeal to audiences seeking alternatives to produced entertainment.",Entertainment,Long
"Music industry business models continued evolving as streaming dominated consumption while artists sought sustainable revenue through touring, merchandise, and direct fan relationships. The economics of streaming remained controversial, with debates about fair compensation for artists ongoing. Independent artists leveraged social media and distribution platforms to build careers outside traditional label structures. The industry adapted to changing consumer preferences while grappling with fundamental questions about music's economic value.",Entertainment,Long
"Theme park entertainment reached new heights of technological sophistication and immersive storytelling, with attractions that blurred lines between rides and theatrical experiences. Major parks invested billions in expansions tied to popular entertainment properties, creating lands that transported guests into beloved fictional worlds. Virtual queue systems and premium experiences changed how guests experienced parks, though not without controversy about accessibility and value. Theme parks remained powerful expressions of entertainment properties' cultural significance.",Entertainment,Long
"The theatrical exhibition industry stabilized after pandemic disruptions, though the relationship between theatrical and streaming releases remained in flux. Premium formats including IMAX and Dolby Cinema commanded premium pricing as theaters differentiated themselves from home viewing. The success of certain blockbusters demonstrated that audiences would still turn out for theatrical experiences worth leaving home for. Independent and art house theaters carved out niches serving audiences seeking alternatives to mainstream fare.",Entertainment,Long
"Stranger Things final season announced for Netflix premiere next year.",Entertainment,Mid
"Taylor Swift Eras Tour becomes first to gross over $1 billion.",Entertainment,Mid
"Marvel unveils massive Phase 6 slate at San Diego Comic-Con.",Entertainment,Mid
"BTS reunion concert sells out Seoul Olympic Stadium within minutes.",Entertainment,Mid
"HBO fantasy series finale draws 20 million viewers breaking records.",Entertainment,Mid
"Beyoncé Renaissance Tour grosses over $500 million worldwide.",Entertainment,Mid
"K-pop group breaks YouTube record with 100 million views instantly.",Entertainment,Mid
"Independent film wins big at Sundance sparking major bidding war.",Entertainment,Mid
"Video game breaks sales record with 10 million copies first week.",Entertainment,Mid
"Netflix Korean drama becomes most-watched non-English series ever.",Entertainment,Mid
"Grammy Awards feature historic wins and surprise collaborations onstage.",Entertainment,Mid
"Disney+ Star Wars series introduces beloved new characters successfully.",Entertainment,Mid
"Broadway musical breaks box office records with spectacular staging.",Entertainment,Mid
"Streaming wars intensify as platforms compete for exclusive content.",Entertainment,Mid
"Met Gala celebrities deliver jaw-dropping fashion looks on carpet.",Entertainment,Mid
"Christopher Nolan epic earns critical acclaim and strong box office.",Entertainment,Mid
"Esports championship draws 5 million concurrent viewers worldwide.",Entertainment,Mid
"A24 psychological thriller becomes unexpected cultural phenomenon.",Entertainment,Mid
"Sitcom reunion special breaks streaming viewership records globally.",Entertainment,Mid
"TikTok continues launching careers of musicians and content creators.",Entertainment,Mid
"True crime documentary series captivates millions with new revelations.",Entertainment,Mid
"Pixar animated film earns critical acclaim and strong box office.",Entertainment,Mid
"Reality dating show captures cultural zeitgeist with dramatic twists.",Entertainment,Mid
"Classic rock band announces emotional farewell world tour dates.",Entertainment,Mid
"Adult animation series attracts dedicated fanbase and critical recognition.",Entertainment,Mid
"Celebrity podcast launches with exclusive multi-million dollar deal.",Entertainment,Mid
"Horror genre enjoys creative renaissance with elevated thriller films.",Entertainment,Mid
"Late-night hosts navigate changing media landscape with viral clips.",Entertainment,Mid
"Documentary film achieves crossover success illuminating important issues.",Entertainment,Mid
"Music festival returns with diverse lineup and record attendance numbers.",Entertainment,Mid
"Bestselling novel adapted into hit streaming series expanding audience.",Entertainment,Mid
"Virtual reality gaming showcases medium's immersive entertainment potential.",Entertainment,Mid
"Award show sparks discussion about representation and voting processes.",Entertainment,Mid
"Fashion designer collaborates with entertainment property on merchandise line.",Entertainment,Mid
"Children's entertainment evolves for digitally native young audiences.",Entertainment,Mid
"Nostalgia-driven remake generates strong box office despite mixed reviews.",Entertainment,Mid
"Stand-up comedy special generates cultural conversation and viral moments.",Entertainment,Mid
"Video game adaptation achieves unprecedented critical and commercial success.",Entertainment,Mid
"Sports broadcast innovates with enhanced graphics and alternative commentary.",Entertainment,Mid
"Audiobook industry experiences remarkable growth with celebrity narrators.",Entertainment,Mid
"Classic film restoration re-released for new generations to discover.",Entertainment,Mid
"AI tools raise questions for creative industries about artistic future.",Entertainment,Mid
"International film achieves global prominence through streaming platform distribution.",Entertainment,Mid
"Social media trends inspire new entertainment content across platforms.",Entertainment,Mid
"Concert film preserves landmark live performance for theatrical release.",Entertainment,Mid
"Comedy podcast builds loyal community with weekly episodes consistently.",Entertainment,Mid
"Music streaming economics spark debate about fair artist compensation.",Entertainment,Mid
"Theme park expansion brings beloved fictional world to immersive life.",Entertainment,Mid
"Theatrical exhibition stabilizes as blockbusters draw audiences to theaters.",Entertainment,Mid
"Superhero movie dominates weekend box office with record opening.",Entertainment,Mid
"Pop star announces surprise album drop at midnight tonight.",Entertainment,Mid
"Academy Awards nominations announced with several surprise inclusions.",Entertainment,Mid
"Streaming service cancels beloved series after just two seasons.",Entertainment,Mid
"Celebrity couple confirms relationship on red carpet appearance together.",Entertainment,Mid
"Talk show host interviews controversial figure sparking social media debate.",Entertainment,Mid
"Movie trailer breaks record with 100 million views in 24 hours.",Entertainment,Mid
"Music video director creates stunning visual experience for hit single.",Entertainment,Mid
"Television reboot receives mixed reviews from fans and critics alike.",Entertainment,Mid
"Film studio announces extended cinematic universe expansion plans officially.",Entertainment,Mid
"Comedian's Netflix special becomes most-watched in platform history.",Entertainment,Mid
"Award-winning actress signs exclusive production deal with streaming platform.",Entertainment,Mid
"Animated series finale delivers emotional conclusion fans have been awaiting.",Entertainment,Mid
"Rock band's reunion tour sells out arenas across North America.",Entertainment,Mid
"Horror sequel outperforms original at box office opening weekend.",Entertainment,Mid
"Television drama addresses timely social issues earning critical acclaim.",Entertainment,Mid
"Pop star's fashion choices at event dominate social media conversation.",Entertainment,Mid
"Film festival premieres generate strong awards season buzz early.",Entertainment,Mid
"Reality competition show crowns new champion in emotional finale episode.",Entertainment,Mid
"Music legend receives lifetime achievement award at televised ceremony.",Entertainment,Mid
"Superhero series introduces first openly LGBTQ character to franchise.",Entertainment,Mid
"Box office receipts show strong recovery from pandemic lows finally.",Entertainment,Mid
"Celebrity memoir tops bestseller lists for third consecutive week running.",Entertainment,Mid
"Television network announces fall schedule with several new shows.",Entertainment,Mid
"Film score composer wins award for haunting original soundtrack work.",Entertainment,Mid
"Comedy duo releases new film to positive audience reception nationwide.",Entertainment,Mid
"Music producer reveals collaboration with unexpected artist partnership.",Entertainment,Mid
"Award show faces criticism for snubbing diverse nominees again.",Entertainment,Mid
"Streaming platform invests billions in original content production globally.",Entertainment,Mid
"Television actor lands leading role in highly anticipated film adaptation.",Entertainment,Mid
"Music tour postponed due to artist health concerns announcement.",Entertainment,Mid
"Film achieves rare perfect score from critics on review aggregator.",Entertainment,Mid
"Celebrity interview goes viral after candid personal revelations shared.",Entertainment,Mid
"Television series renewed for three additional seasons by network.",Entertainment,Mid
"Movie studio faces backlash over casting choice for iconic role.",Entertainment,Mid
"Pop star breaks chart record with consecutive number one hits.",Entertainment,Mid
"Award-winning director announces retirement from filmmaking career officially.",Entertainment,Mid
"Television finale leaks online spoiling major plot reveals for fans.",Entertainment,Mid
"Music album receives unexpected commercial success despite poor reviews.",Entertainment,Mid
"Film sequel underperforms at box office disappointing studio executives.",Entertainment,Mid
"Celebrity social media post sparks controversy and widespread discussion.",Entertainment,Mid
"Television crossover event brings characters from multiple shows together.",Entertainment,Mid
"Movie premiere features star-studded red carpet with elaborate fashion.",Entertainment,Mid
"Music award show ratings decline as younger viewers tune out.",Entertainment,Mid
"Film studio announces delay for highly anticipated sequel release date.",Entertainment,Mid
"Television drama wins Emmy for outstanding writing and direction.",Entertainment,Mid
"Pop concert features surprise guest appearance thrilling audience members.",Entertainment,Mid
"Award-winning film explores complex themes through stunning cinematography.",Entertainment,Mid
"Celebrity endorsement deal worth millions announced by major brand.",Entertainment,Mid
"Television sitcom celebrates 10th anniversary with special reunion episode.",Entertainment,Mid
"Movie soundtrack tops charts driven by viral TikTok popularity.",Entertainment,Mid
"Music festival headliner cancels last minute disappointing thousands of fans.",Entertainment,Mid
"Film noir revival brings classic genre to contemporary audiences.",Entertainment,Mid
"Television procedural maintains steady ratings after 15 seasons airing.",Entertainment,Mid
"Pop star's concert residency extended due to overwhelming ticket demand.",Entertainment,Mid
"Award show introduces new category recognizing streaming content excellence.",Entertainment,Mid
"Celebrity pregnancy announcement dominates entertainment news coverage this week.",Entertainment,Mid
"Television limited series tells compelling true story with great performances.",Entertainment,Mid
"Movie achieves cult classic status years after disappointing theatrical run.",Entertainment,Mid
"Music video budget reportedly exceeds $10 million for elaborate production.",Entertainment,Mid
"Film studio merger creates entertainment industry giant with massive library.",Entertainment,Mid
"Television competition show format sells to international markets successfully.",Entertainment,Mid
"Pop duo announces hiatus to pursue solo projects separately.",Entertainment,Mid
"Award-winning playwright's work adapted for screen by acclaimed director.",Entertainment,Mid
"Celebrity charity event raises millions for important humanitarian cause.",Entertainment,Mid
"Television mystery keeps viewers guessing with twist-filled narrative weekly.",Entertainment,Mid
"Movie sequel respects original while introducing fresh elements successfully.",Entertainment,Mid
"Music collaboration between rivals surprises and delights fans worldwide.",Entertainment,Mid
"Film restoration project preserves important work of cinema history.",Entertainment,Mid
"Television soap opera celebrates 50 years on air with special.",Entertainment,Mid
"Pop star's fashion line launches to strong sales and interest.",Entertainment,Mid
"Award ceremony honors humanitarian work alongside artistic achievements recognizing.",Entertainment,Mid
"Celebrity book club selection drives unprecedented sales for author.",Entertainment,Mid
"Television anthology series showcases diverse storytelling voices each episode.",Entertainment,Mid
"Movie's practical effects praised over CGI by film enthusiasts.",Entertainment,Mid
"Music streaming numbers reveal surprising listening trends among demographics.",Entertainment,Mid
"Film premiere postponed following tragic real-world events out of respect.",Entertainment,Mid
"Television host's departure from show after decades shocks loyal viewers.",Entertainment,Mid
"Pop star's personal life scrutinized following paparazzi photographs published.",Entertainment,Mid
"Award-winning documentary sheds light on overlooked historical events.",Entertainment,Mid
"Celebrity feud plays out publicly on social media entertaining followers.",Entertainment,Mid
"Television prequel series explores origin story of beloved characters.",Entertainment,Mid
"Movie studio bets big on unknown director for tentpole franchise.",Entertainment,Mid
"Music legend's estate announces unreleased material will be compiled.",Entertainment,Mid
"Film critics debate merit of superhero movies as cinema.",Entertainment,Mid
"Television drama tackles controversial topics with nuanced sensitive approach.",Entertainment,Mid
"Pop star's world tour grosses over $200 million in sales.",Entertainment,Mid
"Award show host delivers memorable opening monologue roasting industry.",Entertainment,Mid
"Celebrity wedding details revealed in exclusive magazine feature coverage.",Entertainment,Mid
"Television comedy breaks fourth wall in innovative storytelling approach.",Entertainment,Mid
"Movie's extended cut adds 45 minutes of additional footage.",Entertainment,Mid
"Music industry mourns loss of influential pioneer and innovator.",Entertainment,Mid
"Film scoring legend retires after composing over 500 soundtracks.",Entertainment,Mid
"Television series tackles mental health with care and authenticity.",Entertainment,Mid
"Pop star surprises fans with free concert in hometown park.",Entertainment,Mid
"Award-winning actor transforms physically for demanding biographical role.",Entertainment,Mid
"Celebrity launches production company to develop diverse content projects.",Entertainment,Mid
"Television network orders pilot for promising new drama series.",Entertainment,Mid
"Movie marketing campaign generates massive social media engagement pre-release.",Entertainment,Mid
"Music biopic earns Oscar nominations for lead performance and score.",Entertainment,Mid
"Film franchise reboots with entirely new cast and creative team.",Entertainment,Mid
"Television streaming numbers reveal binge-watching patterns among subscribers.",Entertainment,Mid
"Stranger Things",Entertainment,Short
"Netflix series",Entertainment,Short
"Taylor Swift",Entertainment,Short
"Eras Tour",Entertainment,Short
"Marvel movie",Entertainment,Short
"superhero film",Entertainment,Short
"box office",Entertainment,Short
"opening weekend",Entertainment,Short
"streaming platform",Entertainment,Short
"Disney Plus",Entertainment,Short
"HBO Max",Entertainment,Short
"Amazon Prime",Entertainment,Short
"Apple TV",Entertainment,Short
"Hulu original",Entertainment,Short
"Peacock streaming",Entertainment,Short
"Paramount Plus",Entertainment,Short
"Oscar nominations",Entertainment,Short
"Academy Awards",Entertainment,Short
"Golden Globes",Entertainment,Short
"Emmy Awards",Entertainment,Short
"Grammy Awards",Entertainment,Short
"Tony Awards",Entertainment,Short
"MTV VMAs",Entertainment,Short
"Billboard Music",Entertainment,Short
"American Music",Entertainment,Short
"BET Awards",Entertainment,Short
"Country Music",Entertainment,Short
"film festival",Entertainment,Short
"Sundance premiere",Entertainment,Short
"Cannes Film",Entertainment,Short
"Venice Festival",Entertainment,Short
"Toronto Film",Entertainment,Short
"SXSW debut",Entertainment,Short
"Comic-Con panel",Entertainment,Short
"red carpet",Entertainment,Short
"celebrity fashion",Entertainment,Short
"movie premiere",Entertainment,Short
"album release",Entertainment,Short
"concert tour",Entertainment,Short
"world tour",Entertainment,Short
"stadium show",Entertainment,Short
"arena concert",Entertainment,Short
"music festival",Entertainment,Short
"Coachella lineup",Entertainment,Short
"Lollapalooza festival",Entertainment,Short
"Glastonbury headliner",Entertainment,Short
"Bonnaroo performance",Entertainment,Short
"Austin City",Entertainment,Short
"Rolling Loud",Entertainment,Short
"BTS concert",Entertainment,Short
"K-pop group",Entertainment,Short
"Blackpink tour",Entertainment,Short
"Beyoncé Renaissance",Entertainment,Short
"Drake album",Entertainment,Short
"Bad Bunny",Entertainment,Short
"Ed Sheeran",Entertainment,Short
"Harry Styles",Entertainment,Short
"Adele residency",Entertainment,Short
"The Weeknd",Entertainment,Short
"Billie Eilish",Entertainment,Short
"Olivia Rodrigo",Entertainment,Short
"Doja Cat",Entertainment,Short
"Dua Lipa",Entertainment,Short
"Post Malone",Entertainment,Short
"Travis Scott",Entertainment,Short
"Kendrick Lamar",Entertainment,Short
"SZA album",Entertainment,Short
"Rihanna halftime",Entertainment,Short
"Shakira performance",Entertainment,Short
"Coldplay concert",Entertainment,Short
"U2 Sphere",Entertainment,Short
"Foo Fighters",Entertainment,Short
"Metallica tour",Entertainment,Short
"Bruce Springsteen",Entertainment,Short
"Elton John",Entertainment,Short
"Rolling Stones",Entertainment,Short
"Paul McCartney",Entertainment,Short
"Star Wars",Entertainment,Short
"Mandalorian series",Entertainment,Short
"Avengers movie",Entertainment,Short
"Spider-Man film",Entertainment,Short
"Batman movie",Entertainment,Short
"Superman reboot",Entertainment,Short
"Wonder Woman",Entertainment,Short
"Aquaman sequel",Entertainment,Short
"Black Panther",Entertainment,Short
"Thor sequel",Entertainment,Short
"Captain America",Entertainment,Short
"Iron Man",Entertainment,Short
"Guardians Galaxy",Entertainment,Short
"Deadpool movie",Entertainment,Short
"X-Men film",Entertainment,Short
"Fantastic Four",Entertainment,Short
"Barbie movie",Entertainment,Short
"Oppenheimer film",Entertainment,Short
"Dune sequel",Entertainment,Short
"Avatar movie",Entertainment,Short
"Top Gun",Entertainment,Short
"Mission Impossible",Entertainment,Short
"Fast Furious",Entertainment,Short
"John Wick",Entertainment,Short
"James Bond",Entertainment,Short
"Indiana Jones",Entertainment,Short
"Jurassic World",Entertainment,Short
"Transformers movie",Entertainment,Short
"Godzilla film",Entertainment,Short
"King Kong",Entertainment,Short
"Pixar movie",Entertainment,Short
"Disney animation",Entertainment,Short
"DreamWorks film",Entertainment,Short
"Illumination movie",Entertainment,Short
"Sony Animation",Entertainment,Short
"animated sequel",Entertainment,Short
"Toy Story",Entertainment,Short
"Frozen sequel",Entertainment,Short
"Minions movie",Entertainment,Short
"Shrek film",Entertainment,Short
"Game Thrones",Entertainment,Short
"House Dragon",Entertainment,Short
"Lord Rings",Entertainment,Short
"Rings Power",Entertainment,Short
"Wednesday Netflix",Entertainment,Short
"Squid Game",Entertainment,Short
"The Crown",Entertainment,Short
"Bridgerton series",Entertainment,Short
"Euphoria HBO",Entertainment,Short
"Succession finale",Entertainment,Short
"White Lotus",Entertainment,Short
"The Bear",Entertainment,Short
"Ted Lasso",Entertainment,Short
"Yellowstone series",Entertainment,Short
"Last Us",Entertainment,Short
"Walking Dead",Entertainment,Short
"Breaking Bad",Entertainment,Short
"Better Call",Entertainment,Short
"Peaky Blinders",Entertainment,Short
"The Witcher",Entertainment,Short
"Ozark finale",Entertainment,Short
"Cobra Kai",Entertainment,Short
"Outer Banks",Entertainment,Short
"Ginny Georgia",Entertainment,Short
"You Netflix",Entertainment,Short
"Money Heist",Entertainment,Short
"Elite series",Entertainment,Short
"Dark Netflix",Entertainment,Short
"1899 series",Entertainment,Short
"reality show",Entertainment,Short
"dating show",Entertainment,Short
"Love Island",Entertainment,Short
"Bachelor series",Entertainment,Short
"Bachelorette finale",Entertainment,Short
"Survivor season",Entertainment,Short
"Big Brother",Entertainment,Short
"Amazing Race",Entertainment,Short
"American Idol",Entertainment,Short
"The Voice",Entertainment,Short
"America's Got",Entertainment,Short
"Dancing Stars",Entertainment,Short
"Masked Singer",Entertainment,Short
"RuPaul Drag",Entertainment,Short
"Top Chef",Entertainment,Short
"MasterChef finale",Entertainment,Short
"Hell's Kitchen",Entertainment,Short
"Great British",Entertainment,Short
"Queer Eye",Entertainment,Short
"Selling Sunset",Entertainment,Short
"Real Housewives",Entertainment,Short
"Kardashians show",Entertainment,Short
"talk show",Entertainment,Short
"late night",Entertainment,Short
"Jimmy Fallon",Entertainment,Short
"Jimmy Kimmel",Entertainment,Short
"Stephen Colbert",Entertainment,Short
"Seth Meyers",Entertainment,Short
"James Corden",Entertainment,Short
"Trevor Noah",Entertainment,Short
"Ellen show",Entertainment,Short
"Kelly Clarkson",Entertainment,Short
"Drew Barrymore",Entertainment,Short
"Today Show",Entertainment,Short
"Good Morning",Entertainment,Short
"Saturday Night",Entertainment,Short
"SNL sketch",Entertainment,Short
"comedy special",Entertainment,Short
"Netflix standup",Entertainment,Short
"Dave Chappelle",Entertainment,Short
"Kevin Hart",Entertainment,Short
"Chris Rock",Entertainment,Short
"John Mulaney",Entertainment,Short
"Ali Wong",Entertainment,Short
"Hasan Minhaj",Entertainment,Short
"Bo Burnham",Entertainment,Short
"Ricky Gervais",Entertainment,Short
"Broadway show",Entertainment,Short
"Hamilton musical",Entertainment,Short
"Wicked movie",Entertainment,Short
"Les Miserables",Entertainment,Short
"Phantom Opera",Entertainment,Short
"Lion King",Entertainment,Short
"Chicago musical",Entertainment,Short
"Dear Evan",Entertainment,Short
"Moulin Rouge",Entertainment,Short
"Hadestown show",Entertainment,Short
"Tony nomination",Entertainment,Short
"Broadway debut",Entertainment,Short
"Off-Broadway premiere",Entertainment,Short
"West End",Entertainment,Short
"theater performance",Entertainment,Short
"PlayStation game",Entertainment,Short
"Xbox exclusive",Entertainment,Short
"Nintendo Switch",Entertainment,Short
"Zelda game",Entertainment,Short
"Mario Brothers",Entertainment,Short
"Pokemon release",Entertainment,Short
"Grand Theft",Entertainment,Short
"Call Duty",Entertainment,Short
"Fortnite update",Entertainment,Short
"Minecraft content",Entertainment,Short
"Hogwarts Legacy",Entertainment,Short
"Elden Ring",Entertainment,Short
"God of War",Entertainment,Short
"Final Fantasy",Entertainment,Short
"Resident Evil",Entertainment,Short
"Assassin's Creed",Entertainment,Short
"FIFA game",Entertainment,Short
"Madden NFL",Entertainment,Short
"NBA 2K",Entertainment,Short
"esports tournament",Entertainment,Short
"gaming stream",Entertainment,Short
"Twitch streamer",Entertainment,Short
"YouTube gaming",Entertainment,Short
"video game",Entertainment,Short
"game trailer",Entertainment,Short
"DLC release",Entertainment,Short
"game update",Entertainment,Short
"patch notes",Entertainment,Short
"early access",Entertainment,Short
"beta test",Entertainment,Short
"game launch",Entertainment,Short
"release date",Entertainment,Short
"celebrity gossip",Entertainment,Short
"entertainment news",Entertainment,Short
"celebrity wedding",Entertainment,Short
"celebrity divorce",Entertainment,Short
"celebrity baby",Entertainment,Short
"paparazzi photos",Entertainment,Short
"tabloid headline",Entertainment,Short
"social media",Entertainment,Short
"viral video",Entertainment,Short
"trending topic",Entertainment,Short
"TikTok viral",Entertainment,Short
"Instagram post",Entertainment,Short
"Twitter drama",Entertainment,Short
"YouTube video",Entertainment,Short
"influencer content",Entertainment,Short
"content creator",Entertainment,Short
"podcast episode",Entertainment,Short
"celebrity interview",Entertainment,Short
"magazine cover",Entertainment,Short
"photoshoot reveal",Entertainment,Short
"fashion week",Entertainment,Short
"Met Gala",Entertainment,Short
"Vanity Fair",Entertainment,Short
"Vogue cover",Entertainment,Short
"GQ profile",Entertainment,Short
"Entertainment Weekly",Entertainment,Short
"Rolling Stone",Entertainment,Short
"People Magazine",Entertainment,Short
"US Weekly",Entertainment,Short
"TMZ report",Entertainment,Short
"Hollywood Reporter",Entertainment,Short
"Variety exclusive",Entertainment,Short
"Deadline news",Entertainment,Short
"Rotten Tomatoes",Entertainment,Short
"critic review",Entertainment,Short
"audience score",Entertainment,Short
"viewer rating",Entertainment,Short
"Nielsen ratings",Entertainment,Short
"streaming numbers",Entertainment,Short
"chart position",Entertainment,Short
"Billboard Hot",Entertainment,Short
"number one",Entertainment,Short
"platinum album",Entertainment,Short
"gold single",Entertainment,Short
"music video",Entertainment,Short
"lyric video",Entertainment,Short
"audio premiere",Entertainment,Short
"single release",Entertainment,Short
"EP drop",Entertainment,Short
"deluxe edition",Entertainment,Short
"remix version",Entertainment,Short
"acoustic version",Entertainment,Short
"live performance",Entertainment,Short
"unplugged session",Entertainment,Short
"studio session",Entertainment,Short
"behind scenes",Entertainment,Short
"making of",Entertainment,Short
"documentary series",Entertainment,Short
"biopic film",Entertainment,Short
"true story",Entertainment,Short
"book adaptation",Entertainment,Short
"comic adaptation",Entertainment,Short
"video adaptation",Entertainment,Short
"sequel announcement",Entertainment,Short
"prequel series",Entertainment,Short
"spinoff show",Entertainment,Short
"reboot series",Entertainment,Short
"remake film",Entertainment,Short
"franchise expansion",Entertainment,Short
"cinematic universe",Entertainment,Short
"crossover event",Entertainment,Short
"special episode",Entertainment,Short
"season finale",Entertainment,Short
"series premiere",Entertainment,Short
"midseason return",Entertainment,Short
"hiatus announcement",Entertainment,Short
"cancellation news",Entertainment,Short
"renewal confirmation",Entertainment,Short
"casting announcement",Entertainment,Short
"director attached",Entertainment,Short
"script greenlit",Entertainment,Short
"production start",Entertainment,Short
"filming wrapped",Entertainment,Short
"post-production edit",Entertainment,Short
"trailer release",Entertainment,Short
"teaser trailer",Entertainment,Short
"official poster",Entertainment,Short
"key art",Entertainment,Short
"first look",Entertainment,Short
"exclusive clip",Entertainment,Short
"sneak peek",Entertainment,Short
"fan reaction",Entertainment,Short
"audience response",Entertainment,Short
"opening night",Entertainment,Short
"premiere event",Entertainment,Short
"screening event",Entertainment,Short
"press tour",Entertainment,Short
"promotional appearance",Entertainment,Short
"media interview",Entertainment,Short
"junket coverage",Entertainment,Short
"panel discussion",Entertainment,Short
"Q&A session",Entertainment,Short
"fan meet",Entertainment,Short
"autograph signing",Entertainment,Short
"photo opportunity",Entertainment,Short
"fan convention",Entertainment,Short
"cosplay contest",Entertainment,Short
"merchandise launch",Entertainment,Short
"collectible figure",Entertainment,Short
"limited edition",Entertainment,Short
"collaboration announcement",Entertainment,Short
"brand partnership",Entertainment,Short
"endorsement deal",Entertainment,Short
"sponsorship agreement",Entertainment,Short
"commercial spot",Entertainment,Short
"Super Bowl",Entertainment,Short
"halftime show",Entertainment,Short
"award presentation",Entertainment,Short
"acceptance speech",Entertainment,Short
"standing ovation",Entertainment,Short
"tribute performance",Entertainment,Short
"in memoriam",Entertainment,Short
"lifetime achievement",Entertainment,Short
"hall of fame",Entertainment,Short
"icon status",Entertainment,Short
"legend recognition",Entertainment,Short
"career retrospective",Entertainment,Short
"farewell tour",Entertainment,Short
"comeback announcement",Entertainment,Short
"reunion special",Entertainment,Short
"anniversary celebration",Entertainment,Short
"milestone episode",Entertainment,Short
"record breaking",Entertainment,Short
"historic moment",Entertainment,Short
"cultural impact",Entertainment,Short
"fan favorite",Entertainment,Short
"critic choice",Entertainment,Short
"audience favorite",Entertainment,Short
"guilty pleasure",Entertainment,Short
"binge worthy",Entertainment,Short
"must watch",Entertainment,Short
"highly anticipated",Entertainment,Short
"buzz worthy",Entertainment,Short
"headline grabbing",Entertainment,Short
"newsworthy moment",Entertainment,Short
"The latest Marvel superhero film shattered box office records, earning $450 million globally in its opening weekend and becoming the highest-grossing movie of the year.",Entertainment,Long
"Christopher Nolan's new epic war drama received standing ovations at the Cannes Film Festival and is already generating Oscar buzz for its stunning cinematography.",Entertainment,Long
"The animated sequel from Pixar delighted audiences worldwide, earning $200 million domestically and receiving praise for its emotional storytelling.",Entertainment,Long
"Horror film 'The Conjuring 4' dominated the Halloween box office, scaring up $65 million and cementing the franchise's status as a genre powerhouse.",Entertainment,Long
"The biographical drama about the legendary musician earned critical acclaim and is expected to sweep the upcoming awards season.",Entertainment,Long
"Director Denis Villeneuve's science fiction epic broke IMAX records, with audiences flocking to see the visually stunning adaptation.",Entertainment,Long
"The romantic comedy starring popular actors became an unexpected hit, reviving hopes for the genre in the streaming era.",Entertainment,Long
"James Cameron's long-awaited sequel earned $2 billion worldwide, becoming only the third film in history to reach that milestone.",Entertainment,Long
"The independent film from a first-time director won the top prize at Sundance Film Festival and was acquired by a major studio.",Entertainment,Long
"A24's latest psychological thriller has become a cultural phenomenon, sparking countless discussions and theories on social media.",Entertainment,Long
"HBO's fantasy series finale drew 19 million viewers, making it the most-watched episode in the network's history.",Entertainment,Long
"Netflix announced the renewal of its hit Korean drama for a second season after it became the most-watched non-English series on the platform.",Entertainment,Long
"The true crime documentary series topped streaming charts for six consecutive weeks, reigniting public interest in the decades-old case.",Entertainment,Long
"Disney+ revealed its upcoming slate of Star Wars series, promising five new shows set in the beloved galaxy far, far away.",Entertainment,Long
"The comedy series swept the Emmy Awards, winning Outstanding Comedy Series for the third consecutive year.",Entertainment,Long
"Apple TV+ scored a major coup by signing a multi-year deal with the acclaimed director for exclusive content.",Entertainment,Long
"The reality competition show returned with record ratings as viewers tuned in to watch the dramatic season premiere.",Entertainment,Long
"Amazon Prime Video's new action series starring the popular actor became the streaming service's biggest debut ever.",Entertainment,Long
"The long-running medical drama announced it will end after 20 seasons, with a special two-hour series finale planned.",Entertainment,Long
"BBC's period drama captivated audiences worldwide, with its elaborate costumes and intricate plot becoming topics of viral discussion.",Entertainment,Long
"Taylor Swift's concert tour became the first to gross over $1 billion, with tickets selling out within minutes across all venues.",Entertainment,Long
"The K-pop group broke YouTube records with their new music video, accumulating 100 million views in just 24 hours.",Entertainment,Long
"Beyoncé's Renaissance World Tour earned $500 million, cementing her status as one of the highest-grossing touring artists ever.",Entertainment,Long
"The rapper's posthumous album debuted at number one on the Billboard charts, with fans celebrating his musical legacy.",Entertainment,Long
"Ed Sheeran announced a massive stadium tour for next year, with dates across Europe, North America, and Asia.",Entertainment,Long
"The legendary rock band announced their farewell tour after 50 years of performing together, selling out arenas worldwide.",Entertainment,Long
"Bad Bunny became the most-streamed artist on Spotify for the third consecutive year, dominating Latin music globally.",Entertainment,Long
"The country music star's crossover hit topped both pop and country charts, breaking genre barriers.",Entertainment,Long
"Adele's residency in Las Vegas sold out instantly, with tickets reselling for thousands of dollars on secondary markets.",Entertainment,Long
"The classical crossover artist achieved viral fame on TikTok, introducing millions of young fans to orchestral music.",Entertainment,Long
"Hollywood power couple announced their divorce after 12 years of marriage, shocking fans and dominating entertainment headlines.",Entertainment,Long
"The actress revealed her struggles with mental health in a candid interview, sparking important conversations about wellness in the industry.",Entertainment,Long
"Celebrity chef opened a new restaurant in London, with reservations booked solid for the next three months.",Entertainment,Long
"The royal family released new photographs to celebrate the princess's milestone birthday, delighting fans worldwide.",Entertainment,Long
"Talk show host signed a record-breaking contract to continue hosting her popular late-night program for five more years.",Entertainment,Long
"The athlete made a surprise cameo in the superhero film, delighting fans with his unexpected acting debut.",Entertainment,Long
"Fashion designer launched a sustainable clothing line in partnership with the environmental organization.",Entertainment,Long
"The social media influencer's beauty brand was acquired by a major cosmetics company in a deal worth $600 million.",Entertainment,Long
"The highly anticipated video game sequel sold 10 million copies in its first week, breaking the franchise's previous record.",Entertainment,Long
"Sony announced the release date for the PlayStation 6, promising revolutionary graphics and immersive gaming experiences.",Entertainment,Long
"The esports tournament drew 5 million concurrent viewers, surpassing traditional sports events in online viewership.",Entertainment,Long
"Nintendo revealed the successor to the Switch console, generating massive excitement among gaming enthusiasts.",Entertainment,Long
"The mobile game phenomenon celebrated its seventh anniversary with special in-game events and record daily active users.",Entertainment,Long
"Microsoft's Game Pass subscription service reached 30 million subscribers, validating its strategy of gaming accessibility.",Entertainment,Long
"The Academy Awards ceremony featured several historic wins, including the first Asian actress to win Best Actress.",Entertainment,Long
"Grammy Awards returned to Los Angeles with spectacular performances and unexpected winners across major categories.",Entertainment,Long
"The Tony Awards celebrated Broadway's triumphant return with emotional tributes and record-breaking productions.",Entertainment,Long
"Comic-Con International returned to full capacity, with studios unveiling exclusive trailers and star-studded panels.",Entertainment,Long
"The Met Gala's avant-garde theme inspired dramatic red carpet looks, with celebrities pushing fashion boundaries.",Entertainment,Long
"Christopher Nolan's epic biographical film about J. Robert Oppenheimer dominated the 96th Academy Awards, winning seven Oscars including Best Picture and Best Director. The three-hour historical drama captivated audiences with its intricate narrative structure and stunning practical effects. Cillian Murphy's portrayal of the complex physicist earned him Best Actor, while the film's box office success demonstrated audiences' appetite for challenging, adult-oriented cinema.",Entertainment,Long
"The Barbie movie became a global cultural phenomenon, grossing over $1.4 billion worldwide and sparking countless discussions about gender roles and existentialism. Director Greta Gerwig's satirical take on the iconic doll franchise featured Margot Robbie and Ryan Gosling in career-defining performances. The film's marketing campaign, production design, and original songs generated unprecedented social media engagement and merchandise sales.",Entertainment,Long
"The final season of HBO's Succession delivered shocking twists and dramatic confrontations as the Roy family battled for control of their media empire. The series finale attracted 4.5 million viewers across platforms, with fans debating the ambiguous conclusion for weeks afterward. Critical acclaim focused on the show's sharp writing, complex character development, and timely exploration of wealth, power, and family dynamics.",Entertainment,Long
"Netflix's adaptation of The Three-Body Problem introduced complex science fiction concepts to mainstream audiences, blending Chinese cultural elements with universal themes. The streaming service invested $200 million in the first season, featuring elaborate visual effects and international filming locations. While some book purists criticized narrative changes, the series successfully expanded the franchise's global reach and sparked renewed interest in the source material.",Entertainment,Long
"Taylor Swift's Eras Tour became the highest-grossing concert tour in history, earning over $1 billion and boosting local economies in every city visited. The 3.5-hour spectacle featured 44 songs spanning her 17-year career, with elaborate costume changes and theatrical production elements. Swift's strategic tour planning, fan engagement, and surprise song selections created unprecedented demand, with tickets reselling for thousands of dollars.",Entertainment,Long
"K-pop continued its global expansion as BLACKPINK became the first Korean group to headline Coachella and NewJeans broke multiple streaming records. The genre's innovative blend of musical styles, choreography, and visual storytelling attracted diverse international audiences. Korean entertainment companies invested heavily in global promotion, English-language content, and strategic Western collaborations to sustain growth momentum.",Entertainment,Long
"The streaming industry underwent significant consolidation as Disney+ integrated Hulu content and Warner Bros. Discovery merged HBO Max with Discovery+. These moves reflected growing pressure to achieve profitability after years of subscriber-focused growth. Consumers faced increasing subscription prices, ad-supported tiers, and content removal as platforms optimized their business models for sustainable operation.",Entertainment,Long
"YouTube maintained its dominance in user-generated content while expanding into premium streaming with YouTube Originals and live sports broadcasts. The platform's recommendation algorithms continued shaping global entertainment trends, launching viral sensations and transforming ordinary creators into celebrities. Advertisers increasingly favored YouTube's targeted reach and engaged audiences over traditional television metrics.",Entertainment,Long
"The Legend of Zelda: Tears of the Kingdom set new standards for open-world game design, selling 20 million copies in its first three months. Nintendo's sequel built upon Breath of the Wild's foundation with innovative building mechanics and expanded vertical exploration. The game's commercial and critical success demonstrated the enduring appeal of Nintendo's first-party franchises and the Switch console's continued relevance.",Entertainment,Long
"Baldur's Gate 3 revitalized the computer role-playing game genre with unprecedented player choice, narrative depth, and production values. Larian Studios' five-year development resulted in a game featuring 174 hours of cinematics and thousands of possible story outcomes. The title's surprise success against big-budget competitors highlighted audience demand for complex, single-player experiences over live-service models.",Entertainment,Long
"TikTok continued reshaping entertainment consumption patterns, with short-form video influencing music charts, fashion trends, and television development. The platform's algorithm personalized content discovery so effectively that users reported losing track of time during browsing sessions. Entertainment companies increasingly designed marketing campaigns specifically for TikTok virality, often launching songs or shows directly on the platform.",Entertainment,Long
"Instagram and YouTube Shorts expanded their short-video features to compete with TikTok's dominance in the format. Meta's investment in AI recommendation systems helped Instagram Reels achieve 200 billion daily plays, while YouTube leveraged its vast creator ecosystem. These platforms integrated shopping features more seamlessly, blurring lines between entertainment and e-commerce.",Entertainment,Long
"Broadway attendance reached 95% of pre-pandemic levels, with musicals like &Juliet and Some Like It Hot attracting diverse audiences. The 2023-2024 season featured increased representation both onstage and in creative teams, with several productions exploring historical and social themes. Despite rising ticket prices, strong tourist numbers and local subscription packages supported theater district recovery.",Entertainment,Long
"Comedians embarked on extensive arena tours as audiences sought live entertainment experiences post-pandemic. Dave Chappelle, Kevin Hart, and Jerry Seinfeld performed in venues typically reserved for musical acts, with shows often selling out within minutes. Streaming specials continued serving as promotional tools driving demand for live performances rather than replacing them.",Entertainment,Long
"The relationship between pop star Olivia Rodrigo and actor Paul Mescal dominated entertainment news cycles, with paparazzi capturing their every public appearance. Fans analyzed song lyrics for potential references to the romance, while fashion commentators tracked their style evolution. This intense scrutiny reflected changing celebrity coverage dynamics in the social media era.",Entertainment,Long
"Prince Harry's memoir Spare became the fastest-selling nonfiction book in history, revealing intimate details about royal family dynamics. The Duke of Sussex's media appearances promoting the book generated both sympathy and controversy, with different publications framing the narrative according to their editorial biases. The memoir's success demonstrated enduring public fascination with monarchy despite declining formal support.",Entertainment,Long
"Cannes Film Festival celebrated its 75th anniversary with a prestigious lineup including new works from veteran directors and breakthrough talents. The palm d'Or went to Anatomy of a Fall, a French legal drama exploring marriage, creativity, and truth. Festival organizers balanced traditional cinema appreciation with discussions about streaming's impact and industry inclusivity efforts.",Entertainment,Long
"Sundance Film Festival maintained its reputation for launching independent film careers despite increased competition from streaming platform acquisitions. This year's standout films explored themes of identity, technology, and environmental concerns, with several securing distribution deals exceeding $10 million. The festival's hybrid virtual/in-person format expanded accessibility while preserving its communal atmosphere.",Entertainment,Long
"Studio Ghibli's The Boy and the Heron marked Hayao Miyazaki's return from retirement, earning critical acclaim and strong box office internationally. The semi-autobiographical fantasy explored themes of grief, creativity, and legacy through the director's signature visual poetry. Simultaneously, the film's success in markets beyond Japan demonstrated growing appreciation for hand-drawn animation in the CG-dominated industry.",Entertainment,Long
"Spider-Man: Across the Spider-Verse pushed animation boundaries with its distinctive visual styles representing different comic book universes. The sequel's 240 animators developed new techniques to balance artistic innovation with production efficiency. Critics praised the film's ambitious storytelling and representation while noting its cliffhanger ending set up high expectations for the concluding chapter.",Entertainment,Long
"Stranger Things Netflix",Entertainment,Short
"Stranger Things season",Entertainment,Short
"Stranger Things cast",Entertainment,Short
"Stranger Things Eleven",Entertainment,Short
"Stranger Things Upside Down",Entertainment,Short
"Game of Thrones HBO",Entertainment,Short
"Breaking Bad series",Entertainment,Short
"The Crown Netflix",Entertainment,Short
"Wednesday Addams show",Entertainment,Short
"Squid Game Korean drama",Entertainment,Short
"The Mandalorian Disney",Entertainment,Short
"House of the Dragon",Entertainment,Short
"The Last of Us HBO",Entertainment,Short
"Succession finale",Entertainment,Short
"Ted Lasso Apple TV",Entertainment,Short
"Yellowstone series",Entertainment,Short
"The Bear Hulu",Entertainment,Short
"White Lotus HBO",Entertainment,Short
"Euphoria season",Entertainment,Short
"Bridgerton Netflix",Entertainment,Short
"Oppenheimer movie",Entertainment,Short
"Barbie film 2023",Entertainment,Short
"Avatar sequel",Entertainment,Short
"Top Gun Maverick",Entertainment,Short
"Spider-Man movie",Entertainment,Short
"Marvel Avengers",Entertainment,Short
"DC Batman film",Entertainment,Short
"Star Wars movie",Entertainment,Short
"Jurassic Park sequel",Entertainment,Short
"Fast and Furious",Entertainment,Short
"Mission Impossible",Entertainment,Short
"John Wick movie",Entertainment,Short
"Dune Part Two",Entertainment,Short
"Indiana Jones",Entertainment,Short
"Guardians of Galaxy",Entertainment,Short
"Taylor Swift concert",Entertainment,Short
"Taylor Swift Eras Tour",Entertainment,Short
"Beyonce Renaissance",Entertainment,Short
"Drake new album",Entertainment,Short
"Bad Bunny music",Entertainment,Short
"BTS K-pop band",Entertainment,Short
"Blackpink concert",Entertainment,Short
"Ed Sheeran tour",Entertainment,Short
"Adele Las Vegas",Entertainment,Short
"Harry Styles album",Entertainment,Short
"The Weeknd concert",Entertainment,Short
"Rihanna Super Bowl",Entertainment,Short
"Coldplay tour",Entertainment,Short
"Billie Eilish",Entertainment,Short
"Olivia Rodrigo",Entertainment,Short
"Oscar nominations",Entertainment,Short
"Grammy Awards",Entertainment,Short
"Emmy winners",Entertainment,Short
"Golden Globe",Entertainment,Short
"Cannes Film Festival",Entertainment,Short
"Hollywood celebrity",Entertainment,Short
"red carpet fashion",Entertainment,Short
"box office record",Entertainment,Short
"streaming platform",Entertainment,Short
"movie premiere",Entertainment,Short
"album release",Entertainment,Short
"concert tickets",Entertainment,Short
"celebrity wedding",Entertainment,Short
"entertainment news",Entertainment,Short
"TV show cancelled",Entertainment,Short
"PlayStation 5 game",Entertainment,Short
"Xbox Series X",Entertainment,Short
"Nintendo Switch",Entertainment,Short
"Zelda Tears Kingdom",Entertainment,Short
"Grand Theft Auto",Entertainment,Short
"Call of Duty",Entertainment,Short
"Fortnite gaming",Entertainment,Short
"Minecraft update",Entertainment,Short
"Hogwarts Legacy game",Entertainment,Short
"Elden Ring",Entertainment,Short
"binge watch series",Entertainment,Short
"season finale",Entertainment,Short
"movie trailer",Entertainment,Short
"celebrity gossip",Entertainment,Short
"fan theories",Entertainment,Short
"spoiler alert",Entertainment,Short
"Netflix original",Entertainment,Short
"Disney Plus show",Entertainment,Short
"viral video",Entertainment,Short
"trending movie",Entertainment,Short
"Stranger Things fans eagerly await the final season of the hit Netflix supernatural horror series.",Entertainment,Mid
"The Marvel Cinematic Universe expands with new superhero films and Disney Plus series.",Entertainment,Mid
"Taylor Swift breaks touring records with her record-breaking Eras Tour concert performances.",Entertainment,Mid
"Korean drama series continue dominating global streaming charts on Netflix and other platforms.",Entertainment,Mid
"The Academy Awards ceremony features historic wins and memorable performances from top stars.",Entertainment,Mid
"Video game industry sees record sales as next-generation consoles drive gaming enthusiasm.",Entertainment,Mid
"Celebrity couple announces engagement sparking social media frenzy among devoted fans.",Entertainment,Mid
"New streaming service launches with exclusive content from major Hollywood studios.",Entertainment,Mid
"Music festival season kicks off with headline performances from top artists worldwide.",Entertainment,Mid
"Animated film from Pixar receives critical acclaim and strong opening weekend box office.",Entertainment,Mid
"Stranger Things season 5 filming commenced with original cast returning for final episodes.",Entertainment,Mid
"Taylor Swift announced new album during Grammy Awards acceptance speech.",Entertainment,Mid
"Barbie movie surpassed $1.4 billion global box office milestone.",Entertainment,Mid
"The Last of Us television adaptation received 24 Emmy nominations.",Entertainment,Mid
"Beyoncé's Renaissance World Tour grossed $500 million across 40 cities.",Entertainment,Mid
"Oppenheimer won seven Academy Awards including Best Picture and Director.",Entertainment,Mid
"Netflix renewed Wednesday for second season following viral success.",Entertainment,Mid
"Marvel Studios delayed multiple superhero film releases amid restructuring.",Entertainment,Mid
"Video game adaptation Fallout premiered successfully on Amazon Prime.",Entertainment,Mid
"Harry Styles concluded Love On Tour after two years performing globally.",Entertainment,Mid
"Avatar sequels continued filming with planned releases through 2031.",Entertainment,Mid
"Disney+ added 12 million subscribers following price increase announcement.",Entertainment,Mid
"Drake's album sold 1 million copies in first week of release.",Entertainment,Mid
"Yellowstone prequel 1923 renewed for second season on Paramount+.",Entertainment,Mid
"Comic-Con International attracted 150,000 attendees to San Diego.",Entertainment,Mid
"BTS members began mandatory military service in South Korea.",Entertainment,Mid
"The Bear won multiple Emmy Awards for its second season.",Entertainment,Mid
"Spider-Man: Across the Spider-Verse earned critical and commercial success.",Entertainment,Mid
"Grand Theft Auto VI trailer broke viewership records within hours.",Entertainment,Mid
"Adele extended Las Vegas residency through 2025 due to demand.",Entertainment,Mid
"James Cameron announced two additional Avatar sequels in development.",Entertainment,Mid
"House of the Dragon season 2 premiere drew 12 million viewers.",Entertainment,Mid
"Bad Bunny became most-streamed artist on Spotify for fourth year.",Entertainment,Mid
"The Super Mario Bros. Movie grossed $1.3 billion worldwide.",Entertainment,Mid
"Succession series finale divided fans with its ambiguous conclusion.",Entertainment,Mid
"The Eras Tour concert film broke box office records for genre.",Entertainment,Mid
"Star Wars series The Acolyte premiered with diverse cast and crew.",Entertainment,Mid
"Mission: Impossible Dead Reckoning Part One underperformed at box office.",Entertainment,Mid
"Euphoria season 3 delayed amid script rewrites and scheduling conflicts.",Entertainment,Mid
"John Wick Chapter 4 earned franchise-best reviews and revenue.",Entertainment,Mid
"The Little Mermaid live-action adaptation sparked cultural conversations.",Entertainment,Mid
"Video game awards show set viewership records with celebrity appearances.",Entertainment,Mid
"Kendrick Lamar's concert tour featured elaborate stage design and production.",Entertainment,Mid
"Fast X concluded main franchise while setting up spin-off films.",Entertainment,Mid
"Ted Lasso concluded its three-season run with emotional finale.",Entertainment,Mid
"The Color Purple musical adaptation received Oscar nominations.",Entertainment,Mid
"Dune: Part Two outperformed expectations with strong opening weekend.",Entertainment,Mid
"Indiana Jones and the Dial of Destiny marked franchise conclusion.",Entertainment,Mid
"Wicked film adaptation completed principal photography after delays.",Entertainment,Mid
"The Mandalorian season 4 entered pre-production with returning cast.",Entertainment,Mid
"Elemental overcame slow start to become box office success.",Entertainment,Mid
"Michael Jackson biopic casting announcement generated controversy.",Entertainment,Mid
"Demon Slayer anime film broke Japanese box office records.",Entertainment,Mid
"The Weeknd began filming his first feature length movie.",Entertainment,Mid
"White Lotus season 3 began production in Thailand locations.",Entertainment,Mid
"Joker: Folie à Deux teaser trailer generated massive online buzz.",Entertainment,Mid
"Fantastic Beasts franchise concluded without final planned films.",Entertainment,Mid
"The Batman sequel began filming with returning director and star.",Entertainment,Mid
"Bob Marley: One Love biopic attracted mixed critical reviews.",Entertainment,Mid
"Mean Girls musical adaptation updated original story for new generation.",Entertainment,Mid
